{
    "model": "Linear Regression",
    "RMSE": 13.35319565376229,
    "MAE": 9.789620187627465,
    "R2": 0.7578927990242046
}